student_id,date,status,marked_by
STU101,2026-07-20,Present,T101
STU101,2026-07-21,Present,T101
STU101,2026-07-22,Absent,T101
STU101,2026-07-23,Present,T101
STU101,2026-07-24,Present,T101
STU101,2026-07-25,Present,T101
STU102,2026-07-25,Present,T101
STU103,2026-07-25,Present,T101
STU104,2026-07-25,Absent,T101
STU105,2026-07-25,Present,T102
STU106,2026-07-25,Present,T102
STU107,2026-07-25,Leave,T102
STU102,2026-08-29,Present,T101
STU103,2026-08-29,Present,T101
STU104,2026-08-29,Present,T101
STU108,2026-08-29,Present,T101
STU109,2026-08-29,Present,T101
STU102,2026-09-09,Present,T101
STU103,2026-09-09,Present,T101
STU104,2026-09-09,Present,T101
STU108,2026-09-09,Present,T101
STU109,2026-09-09,Present,T101
